REGION,2008Q1,2008Q2,2008Q3,2008Q4,2009Q1,2009Q2,2009Q3,2009Q4,2010Q1,2010Q2,2010Q3,2010Q4,2011Q1,2011Q2,2011Q3,2011Q4,2012Q1,2012Q2,2012Q3,2012Q4,2013Q1,2013Q2,2013Q3,2013Q4,2014Q1,2014Q2,2014Q3,2014Q4,2015Q1,2015Q2,2015Q3,2015Q4,2016Q1,2016Q2,2016Q3,2016Q4,2017Q1,2017Q2,2017Q3,2017Q4,2018Q1,2018Q2,2018Q3,2018Q4,2019Q1,2019Q2,2019Q3,2019Q4
All Denmark,5475791,5482266,5489022,5505995,5511451,5515287,5519441,5532531,5534738,5540241,5543819,5557709,5560628,5564219,5566856,5579204,5580516,5584758,5587085,5599665,5602628,5605836,5608784,5623501,5627235,5634437,5639719,5655750,5659715,5668743,5678348,5699220,5707251,5717014,5724456,5745526,5748769,5756170,5760694,5778570,5781190,5785864,5789957,5806015,5806081,5811413,5814461,5827463
Region Hovedstaden,1645825,1648990,1650985,1660042,1662285,1665879,1668564,1678220,1680271,1684985,1687071,1697490,1699387,1702388,1704043,1713624,1714589,1718418,1720152,1729952,1732068,1735521,1736889,1747596,1749405,1753976,1756068,1766677,1768125,1772912,1775479,1786469,1789174,1793489,1795211,1806249,1807404,1811809,1812168,1821577,1822659,1826010,1825952,1835537,1835562,1839658,1840357,1848989
Copenhagen,509861,511725,511686,516962,518574,520659,521397,526918,528208,530902,531199,538031,539542,541559,541989,548443,549050,551580,551900,557920,559440,562253,562379,569000,569557,572376,572287,579513,580184,583349,583525,589699,591481,594231,594535,601448,602481,606057,605366,611822,613288,615993,616098,622698,623404,626350,626508,633021
Frederiksberg,93444,93848,93921,95005,95029,95429,95565,96720,96718,97368,97517,98789,98782,99237,99157,100257,100215,100814,100637,101951,102029,102306,101959,102751,102717,102682,102658,103405,103192,103732,103666,104612,104481,104538,104180,105192,105037,105002,104641,105132,104410,104553,103914,104735,103960,104226,103725,104987
Dragør,13261,13315,13350,13452,13411,13416,13460,13550,13564,13591,13661,13710,13717,13743,13741,13722,13692,13723,13807,13847,13917,13880,13883,13913,13977,13950,13951,13970,14028,13969,14051,14106,14142,14146,14206,14225,14288,14253,14263,14269,14272,14222,14201,14279,14270,14321,14394,14475
Tårnby,40016,40002,40158,40234,40214,40219,40329,40429,40383,40467,40558,40763,40835,40935,41014,41149,41151,41168,41247,41429,41572,41584,41708,41894,41992,42179,42366,42537,42573,42514,42671,42882,42860,42910,42904,43043,43010,42959,43011,43089,43063,43048,43005,43033,42984,42964,43018,43027
Albertslund,27602,27564,27596,27817,27706,27807,27739,27887,27730,27783,27685,27751,27800,27799,27715,27784,27864,27880,27834,27885,27824,27784,27722,27799,27728,27780,27721,27789,27806,27720,27647,27758,27880,27869,27792,27870,27896,27896,27816,27821,27743,27717,27753,27859,27877,27779,27750,27666
Ballerup,47116,47253,47363,47329,47398,47515,47526,47611,47652,47641,47695,47898,47930,47951,47981,48089,47994,48127,48181,48254,48211,48334,48419,48464,48514,48477,48509,48408,48355,48300,48287,48246,48224,48243,48215,48300,48231,48229,48186,48233,48295,48316,48403,48377,48458,48441,48421,48475
Brøndby,33831,33772,33716,33689,33762,33803,33821,33846,33795,33774,33856,33998,34021,33968,34026,34064,34084,34086,34106,34229,34210,34197,34309,34428,34580,34793,34886,35038,35050,35087,35197,35325,35322,35406,35410,35516,35594,35501,35528,35538,35538,35528,35511,35555,35397,35253,35104,35143
Gentofte,68913,68997,69188,69646,69794,69973,70270,70894,71052,71212,71506,71818,71714,71772,72041,72673,72814,72890,73152,73308,73360,73451,73660,74221,74282,74548,74644,74986,74932,75011,75125,75474,75350,75365,75518,75980,75805,75863,75835,75878,75803,75693,75130,75265,75176,75176,75055,75041
Gladsaxe,62562,62703,62863,63138,63233,63298,63395,63813,64102,64424,64550,64741,64951,65038,65069,65245,65303,65468,65618,65962,66030,66140,66310,66446,66656,66693,66925,67262,67347,67345,67543,67749,67914,68008,68267,68578,68775,68902,69282,69483,69484,69444,69261,69624,69681,69607,69489,69429
Glostrup,20673,20734,20834,20911,21008,21085,21156,21270,21296,21362,21365,21465,21384,21448,21532,21557,21650,21672,21757,21829,21869,21983,21987,22055,22066,22151,22243,22331,22357,22369,22384,22483,22461,22493,22475,22493,22528,22541,22523,22628,22663,22592,22557,22533,22615,22732,22891,23129
Herlev,26567,26574,26632,26653,26635,26622,26582,26575,26556,26639,26702,26650,26597,26595,26533,26597,26608,26607,26671,26898,26958,26996,27079,27405,27706,27851,27972,28062,28148,28145,28170,28360,28423,28452,28423,28408,28406,28452,28526,28546,28572,28537,28648,28625,28786,28849,29000,28966
Hvidovre,49380,49284,49269,49322,49366,49413,49428,49556,49724,49831,49851,50028,50081,50222,50297,50485,50600,50871,50960,51270,51341,51509,51609,51786,51842,52027,52047,52264,52380,52493,52538,52857,52831,52971,52918,53064,52964,53095,53074,53254,53282,53405,53480,53498,53416,53487,53529,53534
Høje-Taastrup,47158,47225,47269,47348,47400,47461,47528,47697,47664,47563,47603,47671,47753,47864,47881,48090,48081,48114,48243,48384,48471,48513,48667,48773,48807,48853,48982,49151,49230,49463,49560,49821,49960,50134,50139,50252,50246,50332,50401,50514,50596,50639,50676,50718,50686,50801,50853,50964
Ishøj,20687,20678,20665,20753,20756,20747,20778,20681,20606,20643,20759,20715,20797,20978,21013,21103,21087,21111,21110,21080,21131,21212,21267,21439,21547,21675,21761,21904,22025,22110,22193,22284,22358,22399,22536,22679,22719,22821,22906,22894,22988,22996,23011,22989,22946,22949,22988,22954
Lyngby-Taarbæk,51449,51508,51437,51794,51532,51588,51532,52071,52237,52364,52277,52781,52754,52883,52807,53140,53251,53357,53386,53761,53840,54008,53862,54279,54237,54454,54401,54776,54778,54713,54713,55091,55097,55299,55111,55396,55240,55409,55211,55757,55472,55566,55461,55850,55790,56058,56088,56483
Rødovre,36144,36163,36126,36128,36228,36267,36266,36213,36233,36240,36277,36469,36524,36569,36620,36785,36883,36920,37106,37329,37351,37310,37280,37529,37552,37540,37589,37637,37743,37753,37724,37864,38002,38093,38186,38322,38492,38556,38686,39107,39343,39491,39590,39887,40052,40213,40478,40684
Vallensbæk,12399,12710,12900,13193,13365,13508,13639,13868,14045,14162,14283,14378,14445,14444,14526,14592,14565,14603,14644,14699,14797,14839,14874,15059,15095,15103,15103,15192,15204,15203,15317,15402,15419,15484,15556,15643,15705,15727,15872,16031,16280,16447,16532,16642,16654,16649,16671,16646
Allerød,23493,23515,23650,23775,23821,23876,23943,24047,24089,24131,24169,24094,24096,24064,24105,24045,24043,24047,24058,24121,24073,24048,24082,24115,24175,24201,24250,24293,24411,24459,24551,24633,24732,24809,24828,24925,24942,25036,25161,25236,25235,25303,25427,25544,25646,25697,25729,25673
Egedal,40533,40733,40900,40983,41031,41021,41187,41428,41513,41584,41588,41576,41614,41690,41765,41799,41821,41816,41908,42017,42018,42027,42141,42241,42210,42297,42441,42546,42573,42607,42672,42743,42773,42770,42907,42915,43082,43020,43058,43006,43000,43063,43129,43267,43335,43339,43383,43446
Fredensborg,39240,39148,39214,39293,39254,39260,39265,39243,39226,39147,39188,39314,39341,39424,39495,39514,39565,39506,39554,39539,39462,39424,39456,39549,39585,39551,39701,39810,39772,39897,39952,40036,40112,40110,40223,40470,40504,40554,40558,40778,40779,40783,40812,40764,40819,40854,40867,40821
Frederikssund,44102,44150,44245,44271,44246,44206,44314,44239,44182,44197,44380,44369,44307,44256,44422,44371,44345,44324,44467,44401,44365,44282,44381,44455,44401,44341,44555,44512,44413,44514,44709,44796,44725,44767,44909,45030,45036,45079,45195,45162,45189,45176,45272,45373,45332,45360,45370,45276
Furesø,37667,37753,37810,37760,37864,38018,38158,38252,38232,38221,38238,38284,38286,38269,38382,38221,38243,38174,38177,38172,38236,38191,38241,38348,38492,38589,38670,38867,39077,39259,39636,39934,40156,40325,40486,40604,40613,40575,40603,40798,40911,40944,40961,40924,41069,41120,41159,41133
Gribskov,40512,40568,40662,40686,40627,40639,40776,40786,40694,40753,40843,40744,40700,40616,40684,40607,40603,40609,40722,40695,40655,40671,40784,40847,40778,40850,40968,40875,40855,40839,41078,41170,41107,41135,41239,41280,41213,41155,41303,41269,41217,41209,41299,41280,41195,41184,41262,41170
Halsnæs,30824,30767,30926,31012,31013,31043,31131,31114,31077,31042,31125,31082,31056,31060,31150,31068,30980,30873,30904,30827,30803,30725,30821,30675,30647,30644,30750,30744,30736,30743,30915,31002,31049,31069,31180,31159,31162,31202,31293,31315,31168,31247,31338,31378,31271,31277,31395,31495
Helsingør,60844,60832,60839,60921,61053,60933,61121,61178,61143,61287,61300,61367,61368,61287,61359,61428,61493,61585,61699,61629,61613,61561,61564,61551,61519,61538,61658,61660,61632,61780,61964,62093,62092,62188,62442,62554,62443,62531,62620,62676,62686,62657,62663,62661,62567,62610,62664,62709
Hillerød,46568,46607,46771,46937,47081,47118,47240,47339,47473,47602,47683,47803,47916,47986,48104,48232,48203,48264,48214,48285,48315,48254,48344,48496,48695,48728,48796,48944,49108,49270,49407,49546,49672,49711,49903,50050,50109,50262,50340,50351,50650,50636,50835,50874,50998,51150,51222,51203
Hørsholm,24197,24189,24225,24333,24310,24312,24302,24361,24378,24391,24438,24450,24415,24392,24385,24414,24365,24330,24371,24517,24543,24563,24626,24655,24709,24796,24816,24833,24856,24885,24931,25022,24965,24938,24979,24993,24977,25040,25046,25113,25028,25018,25068,25091,25007,25017,25012,24935
Rudersdal,53869,53859,53924,53972,53915,54072,54155,54299,54444,54488,54613,54802,54765,54614,54557,54704,54630,54626,54549,54772,54827,54768,54805,54991,55034,55080,55228,55394,55441,55479,55420,55705,55739,55851,55915,56110,56133,56018,56060,56159,55989,56075,56134,56545,56509,56525,56556,56807
Bornholm,42817,42720,42746,42625,42563,42477,42464,42232,42154,42076,42066,41855,41802,41620,41588,41341,41303,41170,41066,40844,40715,40616,40578,40327,40215,40135,40096,39880,39828,39817,39842,39681,39756,39684,39740,39663,39695,39664,39727,39627,39632,39624,39697,39575,39572,39582,39693,39611
Christiansø,96,94,100,100,96,94,97,103,101,100,96,94,94,105,105,105,103,103,104,98,92,92,92,105,90,94,94,94,91,87,91,95,91,91,89,87,78,78,77,91,83,88,86,94,90,88,83,86
Region Sjælland,819427,819704,820596,821308,821252,820769,821086,820771,820564,820183,820609,820308,819763,819071,819222,818321,817907,817488,817609,816670,816359,816172,816769,816460,816726,817429,818733,819385,820480,821366,824199,825893,827499,828640,830618,831789,832553,832703,833997,834740,835024,835107,836379,836694,836738,836675,837357,837087
Greve,47773,47749,47743,47907,47951,47910,47834,47913,47826,47879,47857,47932,47978,47932,47911,47936,47942,47975,47997,47978,47980,48009,48045,48100,48095,48408,48540,48681,48835,48911,49137,49348,49518,49610,49717,49822,49921,49951,50000,50012,49974,49973,50077,50201,50267,50277,50289,50469
Køge,56637,56668,56780,56878,56848,56873,56883,57027,57125,57211,57239,57294,57271,57215,57275,57219,57307,57467,57517,57676,57771,57986,58114,58287,58374,58524,58803,59062,59285,59317,59509,59733,59868,59886,59974,60093,60109,60101,60182,60381,60356,60472,60565,60707,60675,60710,60725,60836
Lejre,26603,26562,26728,26722,26778,26769,26785,26798,26794,26774,26847,26861,26764,26750,26813,26919,26887,26950,27014,26924,26901,26824,26948,26974,26989,26954,27048,27083,27172,27112,27266,27287,27317,27333,27431,27438,27402,27452,27533,27549,27544,27579,27699,27786,27775,27855,27995,28095
Roskilde,80687,80712,80789,81243,81285,81401,81575,81788,81947,81964,82114,82469,82542,82625,82658,83022,83137,83148,83086,83448,83554,83699,83760,84017,84219,84391,84471,84838,85026,85189,85516,85903,86207,86431,86657,87011,87015,86951,86995,87180,87382,87490,87462,87615,87577,87542,87588,87553
Solrød,20759,20702,20692,20731,20743,20778,20830,20873,20882,20845,20874,20960,20964,21003,21072,21122,21156,21135,21104,21133,21145,21150,21239,21321,21339,21408,21468,21567,21552,21603,21687,21723,21788,21897,21958,22056,22147,22215,22273,22374,22518,22590,22780,22860,23065,23173,23234,23208
Faxe,35418,35511,35450,35444,35441,35481,35379,35397,35306,35355,35384,35299,35277,35259,35204,35222,35110,35087,35206,35192,35123,35031,35110,35117,35119,35146,35162,35147,35195,35305,35446,35542,35614,35659,35734,35808,35916,35987,36101,36101,36139,36190,36327,36504,36513,36543,36606,36520
Guldborgsund,63496,63435,63403,63272,63211,63094,63020,62883,62912,62821,62800,62693,62583,62296,62197,61907,61913,61750,61705,61482,61322,61214,61203,61025,61007,60880,60954,60830,60829,60796,60988,60867,60979,61091,61187,61227,61257,61232,61346,61229,61219,61130,61092,60968,60930,60879,60872,60751
Holbæk,69010,69182,69321,69403,69528,69525,69529,69468,69550,69536,69538,69607,69521,69548,69507,69433,69415,69354,69431,69275,69263,69237,69239,69093,69016,68997,68979,68938,69035,69353,69604,69771,69972,70118,70465,70775,70950,70917,70993,71026,70983,71033,71243,71185,71297,71272,71360,71456
Kalundborg,49743,49711,49845,49777,49741,49613,49583,49359,49265,49271,49300,49082,49088,49050,49014,48764,48632,48555,48532,48362,48294,48353,48407,48294,48358,48319,48379,48493,48469,48419,48623,48708,48660,48773,48846,48732,48736,48696,48867,48994,48982,48941,48854,48739,48681,48646,48564,48524
Lolland,48219,48095,48081,47892,47757,47480,47390,47176,46984,46806,46693,46313,46111,45986,45871,45492,45241,45190,45036,44622,44436,44209,44040,43717,43528,43409,43341,43157,43024,42969,42941,42743,42638,42560,42528,42398,42285,42186,42238,42084,41982,41921,41860,41674,41615,41505,41475,41294
Næstved,80732,80834,80836,81023,80954,80958,81114,81061,81112,80996,80975,80989,80963,80856,80942,80967,81012,81149,81209,81229,81163,81170,81216,81272,81432,81486,81530,81611,81687,81789,81902,82190,82342,82434,82474,82605,82581,82692,82801,82887,82938,82911,83078,83073,82991,83020,83095,83156
Odsherred,33129,33155,33218,33174,33159,33159,33212,33093,33030,32955,32974,32918,32845,32795,32826,32710,32640,32554,32538,32468,32452,32445,32511,32452,32534,32609,32743,32676,32665,32757,32880,32824,32816,32777,32940,32988,33023,33022,33102,33114,33083,33037,33161,33183,33122,33105,33170,33107
Ringsted,32092,32254,32319,32401,32442,32562,32532,32571,32584,32636,32667,32784,32890,32880,33010,33062,33153,33127,33148,33146,33217,33248,33298,33291,33349,33387,33516,33471,33573,33666,33854,34024,34031,34087,34170,34174,34259,34308,34359,34403,34473,34409,34564,34682,34725,34767,34735,34753
Slagelse,77457,77491,77560,77497,77457,77391,77529,77478,77475,77423,77542,77444,77442,77455,77470,77357,77310,77185,77289,77208,77167,77094,77162,76992,76948,77064,77187,77167,77293,77332,77560,77805,78140,78276,78534,78642,78828,78754,78905,78973,78968,78965,79010,79009,79073,79009,79139,78985
Sorø,29180,29198,29245,29391,29458,29438,29484,29555,29522,29503,29549,29540,29499,29437,29477,29400,29393,29314,29310,29311,29288,29231,29262,29311,29299,29295,29270,29243,29331,29277,29458,29488,29543,29559,29631,29611,29595,29634,29643,29635,29669,29718,29763,29729,29834,29838,29860,29866
Stevns,21892,21849,21906,21908,21948,21923,21977,21949,21931,21945,21949,21870,21855,21874,21900,21864,21855,21823,21807,21775,21818,21838,21861,21864,21825,21835,21920,22008,22038,22035,22162,22227,22260,22300,22379,22416,22492,22580,22617,22731,22727,22823,22899,22849,22782,22787,22856,22892
Vordingborg,46600,46596,46680,46645,46551,46414,46430,46382,46319,46263,46307,46253,46170,46110,46075,45925,45804,45725,45680,45441,45465,45434,45354,45333,45295,45317,45422,45413,45471,45536,45666,45710,45806,45849,45993,45993,46037,46025,46042,46067,46087,45925,45945,45930,45816,45747,45794,45622
Region Syddanmark,1194659,1195741,1197263,1198899,1199667,1199569,1200158,1200372,1200277,1200478,1200841,1200666,1200656,1200858,1201063,1201365,1201342,1201429,1201586,1201547,1201419,1201365,1201448,1201955,1202509,1203077,1204111,1205025,1205728,1206924,1208520,1210297,1211770,1213532,1214785,1217170,1217224,1218010,1218665,1220306,1220763,1221083,1222370,1223204,1223348,1223685,1223879,1223894
Assens,42054,42159,42249,42206,42128,42094,42149,42035,42054,41969,41812,41702,41635,41631,41604,41449,41443,41394,41402,41338,41325,41181,41146,41071,41037,40994,41076,41027,41046,41135,41207,41153,41224,41311,41413,41448,41390,41413,41406,41418,41328,41367,41474,41360,41212,41120,41120,41060
Faaborg-Midtfyn,51950,52038,52101,52129,52108,52004,52083,52167,52085,51984,51971,51903,51926,51691,51694,51735,51635,51522,51562,51467,51409,51303,51279,51078,51078,51061,51096,50903,50953,50997,51179,51159,51236,51233,51329,51338,51376,51397,51436,51477,51536,51559,51698,51752,51809,51817,51746,51566
Kerteminde,23630,23635,23668,23684,23745,23738,23794,23750,23770,23752,23750,23723,23758,23708,23767,23740,23793,23746,23788,23728,23787,23721,23677,23697,23665,23707,23797,23774,23728,23799,23860,23850,23880,23871,23834,23787,23774,23746,23795,23797,23756,23736,23854,23802,23773,23831,23863,23789
Langeland,13741,13674,13658,13592,13563,13544,13557,13515,13510,13493,13475,13384,13322,13243,13208,13141,13094,13016,13005,12939,12861,12814,12803,12736,12695,12660,12654,12657,12647,12578,12576,12534,12547,12551,12592,12536,12578,12553,12577,12605,12641,12585,12609,12579,12560,12568,12547,12505
Middelfart,37274,37321,37412,37545,37625,37622,37680,37664,37661,37642,37650,37618,37701,37692,37678,37557,37612,37607,37704,37567,37523,37595,37645,37583,37685,37722,37874,37826,37857,37890,37981,37857,37913,37930,38041,38011,38093,38159,38123,38122,38210,38259,38363,38447,38553,38706,38862,38796
Nordfyns,29470,29495,29642,29703,29651,29600,29712,29671,29638,29573,29526,29561,29507,29437,29502,29444,29330,29337,29264,29213,29224,29071,29106,29095,29066,29022,29053,29026,29030,29101,29268,29259,29298,29245,29374,29447,29446,29532,29607,29587,29516,29518,29624,29774,29693,29722,29764,29728
Nyborg,31607,31630,31665,31682,31714,31708,31753,31692,31690,31650,31602,31552,31499,31581,31534,31508,31486,31429,31394,31351,31350,31295,31293,31251,31314,31321,31396,31465,31573,31606,31733,31757,31886,31970,32036,32104,32142,32091,32068,32018,32032,32012,32032,32057,32042,32035,31974,31991
Odense,186932,186950,186886,187783,187929,188153,187884,188703,188777,188907,189058,190147,190245,190448,190103,191400,191610,191903,191692,193174,193370,193780,193641,195598,195797,196090,195908,197513,197480,197600,197466,198912,198972,199415,199235,200917,200563,200695,200703,202250,202348,202506,202663,204080,204182,204170,204120,205297
Svendborg,59040,59105,59154,59255,59185,59129,59103,59104,58998,58921,58925,58846,58713,58733,58714,58612,58551,58545,58485,58368,58296,58207,58094,58011,57979,57993,57978,57908,57988,58110,58086,58206,58228,58369,58393,58547,58510,58621,58627,58620,58698,58716,58707,58661,58599,58584,58513,58485
Ærø,6712,6667,6688,6715,6698,6676,6665,6709,6679,6689,6670,6691,6663,6658,6626,6650,6636,6633,6607,6574,6527,6491,6460,6406,6393,6365,6322,6285,6276,6278,6264,6286,6290,6248,6231,6187,6177,6173,6169,6199,6178,6155,6110,6089,6058,6013,6033,5990
Billund,26181,26218,26267,26247,26235,26229,26306,26279,26160,26195,26226,26132,26155,26234,26271,26216,26220,26303,26353,26360,26357,26377,26403,26268,26318,26344,26399,26278,26285,26336,26363,26355,26434,26538,26562,26498,26481,26509,26520,26491,26482,26549,26618,26563,26629,26699,26699,26615
Esbjerg,114244,114390,114398,114543,114595,114651,114806,114882,115114,115049,115129,115258,115184,115169,115184,115194,115112,115097,115105,115139,115051,114931,115041,115046,115095,115232,115272,115397,115446,115484,115558,115659,115748,115914,115987,115957,115905,115859,115932,116045,116032,116054,116061,115912,115652,115658,115675,115565
Fanø,3192,3210,3233,3216,3207,3204,3241,3235,3219,3219,3245,3217,3213,3210,3231,3237,3251,3236,3245,3227,3237,3243,3249,3251,3264,3258,3256,3275,3263,3246,3293,3293,3290,3302,3337,3360,3345,3346,3370,3403,3401,3419,3414,3426,3404,3416,3475,3487
Fredericia,49463,49445,49507,49598,49690,49786,49841,49801,49849,49978,50091,50142,50104,50139,50193,50179,50193,50242,50293,50275,50374,50431,50358,50311,50324,50377,50390,50390,50429,50513,50585,50640,50689,50741,50844,50830,50868,50921,51023,51158,51326,51391,51460,51377,51427,51442,51417,51420
Haderslev,56414,56413,56447,56498,56508,56477,56424,56373,56346,56387,56312,56168,56117,56122,56116,56139,56188,56219,56290,56154,56051,56054,56042,55990,55906,55885,55971,55887,55888,55952,55999,56019,56029,56033,56082,56037,56045,56032,56009,55941,55963,55949,55927,55846,55857,55868,55829,55641
Kolding,87781,87996,88107,88332,88519,88651,88761,88961,89071,89160,89076,89117,89210,89185,89273,89412,89412,89523,89404,89484,89556,89559,89624,89960,90066,90257,90279,90656,90794,91025,90940,91530,91695,91791,91745,92361,92282,92409,92399,92491,92515,92589,92647,92709,92893,92970,93073,93282
Sønderborg,76913,76883,76919,76786,76793,76685,76647,76597,76439,76402,76377,76158,76193,76259,76298,76193,76094,76037,76055,75790,75732,75716,75653,75423,75264,75198,75221,74928,74937,74884,74878,74595,74737,74732,74804,74762,74801,74783,74785,74684,74650,74663,74773,74607,74561,74430,74353,74233
Tønder,40367,40365,40383,40301,40216,40105,40012,39791,39710,39693,39695,39506,39464,39446,39430,39130,39083,39043,39038,38754,38686,38590,38572,38282,38316,38234,38206,37965,38010,37973,38037,37905,37904,37972,37981,37861,37928,37913,37887,37727,37777,37719,37702,37621,37587,37543,37573,37398
Varde,50125,50236,50367,50407,50475,50415,50470,50377,50378,50422,50510,50327,50351,50355,50423,50192,50193,50156,50187,49963,49969,50040,50099,49890,49958,49991,50110,50054,50122,50123,50309,50207,50289,50377,50449,50422,50452,50518,50462,50324,50301,50253,50214,50135,50129,50170,50237,49949
Vejen,42447,42471,42604,42744,42807,42743,42759,42720,42768,42820,42849,42731,42683,42806,42801,42761,42785,42784,42812,42729,42700,42636,42704,42615,42667,42654,42748,42623,42601,42611,42789,42821,42869,42821,42945,42791,42822,42806,42875,42893,42844,42886,42901,42826,42863,42841,42776,42703
Vejle,104933,105157,105481,105565,105884,106066,106281,106309,106383,106603,106867,106972,107218,107346,107618,107831,108021,108186,108471,108625,108826,109137,109362,109458,109652,109737,110057,110271,110471,110764,111138,111420,111743,112151,112494,112947,113243,113404,113720,113978,114140,114191,114464,114594,114830,115025,115316,115614
Aabenraa,60189,60283,60427,60368,60392,60289,60230,60037,59978,59970,60025,59811,59795,59765,59795,59645,59600,59471,59430,59328,59208,59193,59197,58935,58970,58975,59048,58917,58904,58919,59011,58880,58869,59017,59077,59022,59003,59130,59172,59078,59089,59007,59055,58987,59035,59057,58914,58780
Region Midtjylland,1237041,1238683,1240576,1245355,1247732,1249162,1249892,1253479,1253998,1255106,1255876,1259970,1260993,1262115,1262704,1265601,1266682,1267828,1268406,1271223,1272510,1272929,1273814,1276604,1277538,1278840,1279467,1282250,1282750,1284877,1286679,1291643,1293309,1295584,1297738,1302897,1304253,1306202,1308253,1312985,1313596,1314898,1316368,1320570,1320678,1321790,1323137,1326913
Favrskov,45604,45703,45983,46064,46248,46243,46405,46448,46529,46590,46685,46831,46894,46922,47064,47103,47117,47147,47225,47146,47156,47030,47074,47051,47163,47177,47299,47339,47523,47559,47657,47541,47655,47715,47767,47884,47915,48005,48055,48194,48271,48245,48406,48281,48374,48320,48373,48404
Hedensted,45561,45649,45802,45968,45954,45921,46032,45997,45982,45934,46011,45984,45980,46031,46119,46086,46029,45989,45886,45877,45868,45781,45897,45791,45715,45788,45936,46008,46091,46193,46304,46243,46206,46238,46365,46466,46524,46587,46657,46646,46616,46634,46667,46689,46747,46654,46726,46685
Horsens,80102,80375,80599,80736,81565,81748,81479,81422,81957,82134,82215,82556,82835,83077,83051,83194,83598,83921,84133,84247,84871,85062,85132,85410,85662,85911,86083,86377,86361,86576,86770,87501,87736,88074,88353,88692,89030,89156,89205,89629,89598,89708,89927,90279,90370,90648,90961,91296
Norddjurs,38581,38522,38507,38469,38390,38283,38294,38204,38148,38119,38081,38037,38029,37939,37929,37890,37876,37872,38021,38092,38035,37986,38037,37918,37925,37839,37867,37933,37898,37922,38007,38163,38144,38040,38039,38151,38099,38097,38068,38180,38197,38001,37906,37806,37680,37613,37463,37360
Odder,21562,21563,21619,21615,21593,21568,21643,21697,21721,21759,21837,21856,21852,21838,21763,21810,21749,21758,21808,21844,21800,21848,21851,21799,21773,21806,21825,21838,21928,21915,21997,22078,22131,22176,22209,22255,22331,22392,22549,22595,22626,22616,22639,22624,22675,22696,22783,22854
Randers,93644,93803,93873,94101,94221,94456,94553,94694,94750,94828,94936,95262,95318,95402,95538,95609,95756,95776,95943,95919,96007,96035,96095,96171,96343,96559,96502,96757,96800,96882,97032,97225,97520,97579,97840,97864,98118,98123,98251,98185,98265,98117,98071,97910,97909,97898,98009,97886
Samsø,4085,4073,4068,4032,4003,4009,4055,4016,4010,3986,3968,3898,3885,3866,3905,3886,3889,3867,3874,3836,3806,3784,3804,3774,3767,3747,3768,3735,3733,3697,3709,3733,3710,3713,3753,3729,3724,3706,3732,3729,3720,3698,3705,3709,3684,3672,3689,3665
Silkeborg,87371,87586,87806,87860,88016,88189,88337,88367,88481,88513,88694,88734,88913,89050,89241,89207,89328,89329,89334,89281,89346,89417,89637,89514,89633,89707,89950,89860,90016,90241,90372,90381,90719,90882,91080,91066,91237,91265,91602,91853,92024,92169,92513,92786,93054,93340,93636,93782
Skanderborg,56044,56149,56308,56433,56636,56763,56997,57162,57303,57385,57537,57631,57717,57790,57985,58036,58008,58013,58071,57999,58094,58127,58200,58137,58176,58283,58444,58586,58782,58867,59059,59338,59481,59778,59983,60164,60401,60549,60748,60996,61158,61266,61548,61720,61974,62144,62286,62479
Syddjurs,41281,41257,41318,41422,41314,41312,41353,41434,41392,41469,41599,41680,41734,41768,41750,41872,41815,41862,41894,41874,41894,41719,41726,41769,41719,41671,41714,41657,41652,41755,41887,41950,41889,41846,41877,41985,42021,41997,42165,42392,42468,42520,42636,42700,42768,42862,42900,42976
Aarhus,298538,298710,298501,302080,302618,303218,303107,307000,306650,307119,306799,310653,310956,311235,310801,314144,314545,315193,314887,318757,319094,319747,319680,323644,323893,324330,323477,326676,326246,326984,326612,330563,330639,331332,331505,335728,335684,336370,336411,340376,340421,341372,341497,345755,345332,345545,345635,349977
Herning,84208,84466,84627,85088,85217,85318,85283,85375,85548,85647,85684,85754,85852,85905,85941,86321,86348,86368,86464,86545,86595,86582,86688,86778,86842,86813,86929,86793,86864,87068,87223,87382,87593,87840,88118,88410,88386,88516,88660,88727,88733,88744,88839,88886,88917,88973,89128,89085
Holstebro,57020,57172,57199,57087,57267,57235,57241,57089,57056,57159,57215,57134,57161,57213,57290,57064,57153,57217,57299,57203,57254,57324,57393,57239,57338,57411,57526,57422,57494,57574,57680,57562,57661,57842,57949,58008,58125,58277,58399,58373,58418,58450,58546,58457,58504,58525,58543,58566
Ikast-Brande,39893,39979,40116,40138,40176,40210,40358,40294,40312,40350,40417,40484,40571,40609,40657,40582,40658,40625,40606,40517,40468,40458,40505,40563,40602,40620,40763,40616,40598,40703,40893,40812,40798,40864,41080,41045,40981,41155,41387,41290,41191,41320,41458,41395,41282,41436,41664,41506
Lemvig,22067,21992,22020,21921,21946,21894,21888,21812,21790,21718,21737,21571,21554,21545,21561,21386,21384,21326,21310,21194,21223,21111,21070,20920,20933,20894,20838,20630,20657,20573,20599,20475,20399,20352,20385,20249,20291,20346,20303,20133,20133,20098,20131,20015,19998,19934,19938,19748
Ringkøbing-Skjern,58368,58426,58648,58718,58803,58784,58760,58551,58439,58378,58356,58111,58068,58081,58181,57899,57892,57904,57871,57552,57529,57431,57431,57127,57093,57148,57215,56962,57042,57035,57174,57094,57139,57077,57060,56968,57022,57100,57176,57012,57005,57029,57099,56942,56930,56975,56883,56622
Skive,48356,48312,48420,48310,48300,48319,48341,48131,48137,48121,48122,47964,47986,47940,47948,47617,47620,47620,47598,47278,47291,47249,47256,46985,46942,46938,46949,46655,46641,46686,46715,46492,46639,46661,46715,46577,46540,46555,46663,46557,46599,46516,46413,46265,46224,46138,46151,45924
Struer,22672,22680,22729,22685,22642,22615,22593,22496,22483,22423,22389,22194,22190,22254,22235,22101,22098,22057,22082,21889,21846,21777,21742,21591,21533,21576,21594,21412,21439,21400,21422,21400,21474,21474,21494,21384,21347,21324,21338,21238,21270,21277,21306,21170,21143,21161,21124,21014
Viborg,92084,92266,92433,92628,92823,93077,93173,93290,93310,93474,93594,93636,93498,93650,93745,93794,93819,93984,94100,94173,94333,94461,94596,94423,94486,94622,94788,94994,94985,95247,95567,95710,95776,96101,96166,96272,96477,96682,96884,96880,96883,97118,97061,97181,97113,97256,97245,97084
Region Nordjylland,578839,579148,579602,580391,580515,579908,579741,579689,579628,579489,579422,579275,579829,579787,579824,580293,579996,579595,579332,580273,580272,579849,579864,580886,581057,581115,581340,582413,582632,582664,583471,584918,585499,585769,586104,587421,587335,587446,587611,588962,589148,588766,588888,590010,589755,589605,589731,590580
Brønderslev,35525,35508,35646,35702,35762,35729,35769,35808,35804,35784,35806,35807,35789,35784,35828,35719,35754,35733,35722,35621,35600,35626,35637,35634,35627,35603,35694,35714,35781,35827,35968,35982,36047,36022,36115,36172,36128,36136,36210,36158,36289,36373,36357,36328,36370,36339,36435,36404
Frederikshavn,62751,62733,62654,62581,62525,62378,62391,62108,62007,61897,61868,61633,61576,61532,61556,61317,61158,61020,61078,60812,60775,60700,60692,60517,60458,60469,60538,60396,60377,60284,60376,60313,60246,60340,60478,60402,60356,60308,60311,60171,60140,60110,60197,60049,59987,59960,59906,59761
Hjørring,67121,67143,67250,67123,67102,67059,67069,66819,66803,66711,66720,66496,66473,66444,66487,66264,66178,66105,66056,65793,65767,65669,65637,65363,65405,65468,65564,65329,65295,65347,65447,65359,65411,65308,65367,65303,65307,65345,65412,65298,65257,65185,65058,64899,64665,64668,64659,64610
Jammerbugt,38957,39005,39088,39037,38990,38945,38969,38971,38927,38839,38873,38741,38733,38726,38732,38645,38611,38651,38690,38645,38597,38519,38462,38343,38351,38325,38423,38367,38293,38328,38513,38453,38466,38543,38621,38555,38581,38657,38669,38639,38638,38590,38591,38552,38460,38480,38440,38461
Læsø,2003,2009,2002,1991,1993,1980,1990,1985,1969,1964,1975,1959,1949,1939,1947,1917,1897,1880,1883,1851,1839,1842,1864,1837,1808,1794,1807,1802,1795,1799,1808,1817,1817,1820,1825,1801,1793,1808,1804,1789,1807,1807,1809,1821,1806,1817,1812,1797
Mariagerfjord,42667,42670,42683,42761,42762,42718,42741,42660,42604,42553,42544,42523,42572,42570,42569,42555,42429,42370,42327,42273,42111,42074,42081,42022,42093,42057,42095,42010,42134,42107,42200,42090,42131,42115,42132,42084,42066,42055,42092,42088,42125,42086,42177,42116,42055,41958,41951,41808
Morsø,22091,22166,22161,22136,22098,22022,22038,21876,21833,21765,21789,21651,21600,21519,21570,21439,21474,21366,21327,21193,21189,21135,21129,20993,21003,20971,20941,20855,20816,20784,20774,20647,20629,20719,20707,20653,20665,20629,20600,20551,20514,20501,20503,20436,20403,20394,20366,20241
Rebild,28753,28798,28890,28873,28900,28866,28892,28868,28852,28896,28901,28894,28940,28958,29005,28938,28911,28879,28963,28813,28866,28819,28883,28821,28794,28820,28925,28863,28859,28952,29057,29044,29149,29162,29290,29265,29391,29510,29612,29765,29827,29891,29935,29852,29916,29917,30073,30116
Thisted,45549,45609,45676,45506,45596,45430,45459,45309,45297,45296,45323,45144,45145,45103,45112,44893,44908,44864,44770,44476,44494,44407,44486,44255,44230,44205,44249,44075,44078,44016,44110,43932,43991,43993,44011,43847,43826,43842,43887,43751,43716,43742,43758,43654,43660,43584,43553,43416
Vesthimmerlands,38277,38362,38504,38543,38495,38393,38327,38217,38106,38082,38107,37926,37864,37775,37748,37601,37534,37595,37632,37595,37586,37561,37620,37487,37479,37478,37474,37393,37399,37409,37433,37338,37296,37297,37282,37265,37285,37280,37330,37285,37277,37240,37232,37181,37121,37045,37026,36824
Aalborg,195145,195145,195048,196138,196292,196388,196096,197068,197426,197702,197516,198501,199188,199437,199270,201005,201142,201132,200884,203201,203448,203497,203373,205614,205809,205925,205630,207609,207805,207811,207785,209943,210316,210450,210276,212074,211937,211876,211684,213467,213558,213241,213271,215122,215312,215443,215510,217142
